1001,1000008,商品その001,7622
1002,1000007,商品その002,4808
1003,1000009,商品その003,6380
1004,1000009,商品その004,8079
1005,1000009,商品その005,2174
1006,1000005,商品その006,9568
1007,1000005,商品その007,4513
1008,1000003,商品その008,8703
1009,1000007,商品その009,5902
1010,1000007,商品その010,3529
1011,1000004,商品その011,2457
1012,1000004,商品その012,7191
1013,1000006,商品その013,8998
1014,1000005,商品その014,6874
1015,1000002,商品その015,6650
1016,1000002,商品その016,86
1017,1000007,商品その017,5409
1018,1000003,商品その018,2533
1019,1000007,商品その019,6611
1020,1000004,商品その020,3095
1021,1000002,商品その021,6090
1022,1000009,商品その022,3250
1023,1000010,商品その023,3343
1024,1000009,商品その024,1062
1025,1000009,商品その025,425
1026,1000003,商品その026,8489
1027,1000010,商品その027,2578
1028,1000001,商品その028,9236
1029,1000004,商品その029,8427
1030,1000004,商品その030,8630
1031,1000003,商品その031,9147
1032,1000008,商品その032,5461
1033,1000007,商品その033,1708
1034,1000004,商品その034,7098
1035,1000003,商品その035,5096
1036,1000007,商品その036,9498
1037,1000005,商品その037,823
1038,1000004,商品その038,8636
1039,1000008,商品その039,5284
1040,1000005,商品その040,4476
1041,1000009,商品その041,6216
1042,1000008,商品その042,4667
1043,1000008,商品その043,2434
1044,1000009,商品その044,9590
1045,1000002,商品その045,2214
1046,1000009,商品その046,8381
1047,1000010,商品その047,3931
1048,1000001,商品その048,3801
1049,1000004,商品その049,7168
1050,1000001,商品その050,8941
1051,1000010,商品その051,8493
1052,1000007,商品その052,9636
1053,1000002,商品その053,4552
1054,1000008,商品その054,7350
1055,1000010,商品その055,3506
1056,1000007,商品その056,3592
1057,1000004,商品その057,4701
1058,1000002,商品その058,7504
1059,1000008,商品その059,4729
1060,1000001,商品その060,9147
1061,1000008,商品その061,2409
1062,1000004,商品その062,7163
1063,1000001,商品その063,5501
1064,1000002,商品その064,4270
1065,1000001,商品その065,5788
1066,1000008,商品その066,9379
1067,1000003,商品その067,5410
1068,1000002,商品その068,7878
1069,1000004,商品その069,5291
1070,1000005,商品その070,8182
1071,1000005,商品その071,8379
1072,1000009,商品その072,2686
1073,1000004,商品その073,9622
1074,1000002,商品その074,7520
1075,1000008,商品その075,4489
1076,1000001,商品その076,8312
1077,1000004,商品その077,9277
1078,1000010,商品その078,956
1079,1000003,商品その079,9498
1080,1000007,商品その080,2747
1081,1000001,商品その081,2812
1082,1000005,商品その082,218
1083,1000004,商品その083,9987
1084,1000010,商品その084,1374
1085,1000001,商品その085,3997
1086,1000006,商品その086,899
1087,1000010,商品その087,2479
1088,1000006,商品その088,3849
1089,1000002,商品その089,8034
1090,1000006,商品その090,8132
1091,1000001,商品その091,8514
1092,1000003,商品その092,4498
1093,1000006,商品その093,9703
1094,1000005,商品その094,2098
1095,1000005,商品その095,5619
1096,1000004,商品その096,237
1097,1000005,商品その097,2060
1098,1000003,商品その098,5478
1099,1000010,商品その099,5402
1100,1000005,商品その100,8995
